{
  "file_name": "example_file",
  "total_tables": 1,
  "tables": [
    {
      "table_id": "table_1",
      "headers": [
        "Checkbox",
        "Item ID",
        "Date",
        "Description",
        "Quantity",
        "Total"
      ],
      "rows": [
        [
          "☐",
          "AAA2397490000",
          "2025/06/12, 07:00",
          "Received quantity",
          "260 PCE",
          "910 PCE"
        ],
        [
          "☐",
          "AAA2397490000",
          "2025/06/12, 07:00",
          "Charge",
          "130 PCE",
          "780 PCE"
        ],
        [
          "☐",
          "AAA2397490000",
          "2025/06/12, 07:00",
          "Charge",
          "182 PCE",
          "598 PCE"
        ],
        [
          "☐",
          "AAA2397490000",
          "2025/06/12, 07:00",
          "Transferred out quantity",
          "0 PCE",
          "598 PCE"
        ],
        [
          "☐",
          "AAA2383060000",
          "2025/06/12, 07:00",
          "Received quantity",
          "130 PCE",
          "130 PCE"
        ],
        [
          "☐",
          "AAA2383060000",
          "2025/06/12, 07:00",
          "Received quantity",
          "260 PCE",
          "390 PCE"
        ],
        [
          "☐",
          "AAA2383060000",
          "2025/06/12, 07:00",
          "Charge",
          "130 PCE",
          "260 PCE"
        ],
        [
          "☐",
          "AAA2383060000",
          "2025/06/12, 07:00",
          "Transferred out quantity",
          "0 PCE",
          "260 PCE"
        ]
      ],
      "row_count": 8,
      "column_count": 6
    }
  ],
  "metadata": {
    "file_name": "img_bed4c6f4_140230.png",
    "processed_pages": 1
  }
}